text,label
"Trump promised a crypto revolution. So why is bitcoin crashing? - NPR Trump got elected promising to usher in a crypto revolution. More than a year later, bitcoin's price has come tumbling down. What happened? It wasn't supposed to go this way for the crypto industry.
President Trump got re-elected vowing to make the U.S. ""the crypto capital of the world
.
"" Since he retook office, he has appointed regu… [+4422 chars]",1
"DVDs and public transit: Boycott drives people to ditch Big Tech to protest ICE - NPR A sweeping boycott has begun — targeting tech giants who participants believe are enabling President Trump and his immigration crackdown. In Portland, Ore., Brittany Trahan started buying DVDs rather than paying for Netflix and Apple TV, while Lisa Shannon has been relying on public transit instead of taking an Uber. And in McDonough, … [+7838 chars]",1
"Gold and silver volatility rattles nerves, but not convictions - KITCO The Kitco News Team brings you the latest news, videos, analysis and opinions regarding Precious Metals, Crypto, Mining, World Markets and Global Economy. The Leading News Source in Precious Metals
Kitco NEWS has a diverse team of journalists reporting on the economy, stock markets, commodities, cryptocurrencies, mining and metals with accuracy and ob… [+279 chars]",1
"Dow Jones Tops 50,000 As Apple, Boeing, JPMorgan Flash Buy Signals; Is AI Trade Reviving? - Investor's Business Daily The Nasdaq is below its 50-day line, but AI infrastructure stocks are reviving. Information in Investors Business Daily is for informational and educational purposes only and should not be construed as an offer, recommendation, solicitation, or rating to buy or sell securities. … [+1064 chars]",1
"A company that rates news sites says the Trump administration is strangling it - The Washington Post NewsGuard sues Trump’s FTC alleging censorship after Chairman Andrew Ferguson barred a major ad agency from using its ratings NewsGuard, a company that rates the reliability of online news outlets, is suing President Donald Trumps Federal Trade Commission, alleging the agency has tried to drive it out of business because it… [+31 chars]",1
"US announces crackdown on copycat weight-loss drugs - Financial Times Food and Drug Administration targets Hims & Hers after telehealth company undercuts Novo Nordisk on obesity shot was $409now $149 for your first year
Delivery Monday - Saturday, including FT Weekend and FT Digital Edition: all the content of the FT newspaper on any device. Savings based on annual price.
<ul><… [+221 chars]",1
"US launches antitrust review of $83bn Netflix deal for Warner Bros - Financial Times Justice department basing review on legal provisions barring monopolisation and reduced competition was $409now $149 for your first year
Delivery Monday - Saturday, including FT Weekend and FT Digital Edition: all the content of the FT newspaper on any device. Savings based on annual price.
<ul><… [+221 chars]",1
"From Svedka to Anthropic, brands make bold plays with AI in Super Bowl ads - TechCrunch From the first AI-generated Big Game ad courtesy of Svedka to Anthropic's beef with OpenAI, here are the biggest ads from Super Bowl LX. Following last year’s trend of showcasing AI in multimillion-dollar ad spots, the 2026 Super Bowl advertisements took it a step further by leveraging AI both to create the commercials and to promote … [+6123 chars]",1
"Hundreds of Google workers demand firm cuts ties with ICE - BBC More than 900 Google employees signed a letter opposing company links to federal immigration actions. Another Google employee, who identified herself as ""S"", said she came to work for Google about three years ago, but said that had she known then of its work with federal agencies, she would have not … [+11 chars]",1
"Jennifer Garner’s Once Upon a Farm Rises 17% After $198 Million IPO - bloomberg.com Once Upon a Farm PBC, the organic kids snacks maker co-founded by actress Jennifer Garner, jumped 17% in its trading debut Friday after the company and some of its investors raised $197.9 million in an initial public offering. Once Upon a Farm PBC, the organic kids snacks maker co-founded by actress Jennifer Garner, jumped 17% in its trading debut Friday after the company and some of its investors raised $197.9 million in … [+271 chars]",1
"Trump-GOP Law Slashes Amazon's Tax Bill by 87% as Company Fires 30,000 Workers, Profits Soar - Common Dreams ""Congress made a choice: cut assistance for the most vulnerable to double down on a tax code already favoring dominant firms,"" said one progressive think tank. The tax law that congressional Republicans and US President Donald Trump enacted last summer has proved to be a massive boon for Amazon, slashing the corporate behemoth's 2025 tax bill even as its pr… [+2842 chars]",1
Chip Stocks Soar as Nvidia CEO Huang Says Demand Is 'Through the Roof' - Investopedia America's biggest cloud giants are doubling down on their investments in AI hardware. That hasn't helped their shares lately—but chipmakers are getting a lift as orders keep rolling in. <ul><li>Nvidia and other semiconductor stocks rallied Friday after Amazon followed cloud peers with a massive AI spending forecast.</li><li>Nvidia CEO Jensen Huang told CNBC Friday that demand has be… [+1884 chars],1
CFTC Staff Reissues Letter 25-40 Updating Payment Stablecoin Definition - Commodity Futures Trading Commission | CFTC (.gov) The Commodity Futures Trading Commission’s Market Participants Division today announced it has reissued CFTC Staff Letter 25-40 with a limited revision to the definition of “payment stablecoin.” WASHINGTONThe Commodity Futures Trading Commissions Market Participants Division today announced it has reissued CFTC Staff Letter 25-40 with a limited revision to the definition of payment stablecoi… [+1486 chars],1
"BART Could End Service at 9PM Nightly If Transit Measure Doesn’t Pass — and These 15 Stations Might Have to Close - SFist The cash-strapped BART system has revealed its ‘doomsday scenario’ of drastic service cuts if a November transit tax measure doesn’t pass, with as many as 15 stations potentially closing, and service stopping at 9 pm every night. The cash-strapped BART system has revealed its doomsday scenario of drastic service cuts if a November transit tax measure doesnt pass, with as many as 15 stations potentially closing, and service st… [+3561 chars]",1
"There isn’t even a cynical explanation for Jeff Bezos destroying The Washington Post - theverge.com Trying to explain what the Amazon founder gets out of owning the Washington Post during the Trump era. <ul><li></li><li></li><li></li></ul>
What does the Amazon founder even get out of owning the Post?
What does the Amazon founder even get out of owning the Post?
by
Tina NguyenClose
Senior Report… [+5524 chars]",1
"A New Gilded Age: Big Tech goes on a $600 billion AI spending splurge - Business Insider Big Tech's capital expenditures soar with Amazon, Google, Meta, and Microsoft at the forefront, ushering a new era of AI infrastructure spending. Big Tech is taking the AI age to a whole new level.
When Amazon, Alphabet, Microsoft, and Meta announced earnings recently, one set of numbers stole the show: The massive projections for data center… [+4013 chars]",1
"OpenClaw AI chatbots are running amok — these scientists are listening in - Nature Artificial-intelligence agents have their own social-media platform and are publishing AI-generated research papers on their own preprint server. OpenClaw is an open-source artificial-intelligence agent designed to assist users with everyday tasks, such as sending e-mails and managing their calendars.Credit: Thomas Fuller/SOPA Images/LightRock… [+4054 chars]",1
"The AI supply chain is soaring thanks to Amazon’s capex budget - Sherwood News Bigger spending = bigger profits for someone. The remarkable run-up in prices for memory chips continued into early February, analysts at Bernstein Research say, driven largely by data center demand from hyperscalers and cloud service providers … [+1278 chars]",1
"Palantir CEO Takes Shots At Circular AI Investments - Yahoo Finance As AI-connected company valuations continue to inflate, Palantir Technologies, Inc. (NASDAQ:PLTR) CEO Alex Karp positioned his company as the sober adult in ... As AI-connected company valuations continue to inflate, Palantir Technologies, Inc. (NASDAQ:PLTR) CEO Alex Karp positioned his company as the sober adult in the room.
During Palantir's earnings call… [+1776 chars]",1
"Stellantis to Take Charges of About €22 Billion on EV Reset - Bloomberg Stellantis NV is taking more than €22 billion ($26 billion) in charges mainly linked to reversing course on its electric vehicle strategy, prompting a record plunge in the Jeep and Fiat owner’s shares. Stellantis NV is taking more than 22 billion ($26 billion) in charges mainly linked to reversing course on its electric vehicle strategy, prompting a record plunge in the Jeep and Fiat owners shares.… [+201 chars]",1
"Historic Kentucky distillery Four Roses sold for up to $775M. What we know - Lexington Herald Leader Kirin will sell Four Roses to E&J Gallo for up to $775m, returning the Lawrenceburg, Kentucky distillery to U.S. ownership with no planned operational changes. Bourbon &amp; Bars
Japanese owner Kirin has agreed to sell Kentucky bourbon brand Four Roses to E&amp;J Gallo Winery for up to $775 million, according to an announcement by Kirin.
The deal is expec… [+3556 chars]",1
"Better Dirt Cheap AI Growth Buy: Meta vs Microsoft - The Motley Fool One of these players stands out as a particularly great buy right now. One of these players stands out as a particularly great buy right now.The words ""dirt cheap"" and ""artificial intelligence (AI) stock"" don't seem to go together. This is because the surge in AI stocks… [+4388 chars]",1
"Blood Tests and Better-for-You Soda: Super Bowl Ads May Be Healthiest Yet - The Wall Street Journal TV’s biggest night will include commercials for old standbys and new AI, but also wellness, moderation and preventive medicine Health screenings, weight-loss meds and better-for-you beverages will take center stage in Super Bowl commercials Sunday, commanding a spotlight once dominated by beer and junk food.
Televisions big… [+371 chars]",1
CISA orders federal agencies to replace end-of-life edge devices - BleepingComputer The U.S. Cybersecurity and Infrastructure Security Agency (CISA) has issued a new binding operational directive requiring federal agencies to identify and remove network edge devices that no longer receive security updates from manufacturers. The U.S. Cybersecurity and Infrastructure Security Agency (CISA) has issued a new binding operational directive requiring federal agencies to identify and remove network edge devices that no longer r… [+2829 chars],1
"Strategy CEO: Bitcoin would need to plunge to $8,000 before balance sheet issues - The Block Executive Chairman Michael Saylor also addressed quantum computing concerns in bitcoin, framing them as 'horrible FUD.' Strategy CEO Phong Le told investors that the company's balance sheet remains resilient despite bitcoin's BTC recent downfall.
Le said during the Strategy's fourth-quarter financial results webinar … [+4028 chars]",1
"Donald Trump’s policies dent international travel to US in blow to tourism sector - Financial Times Foreign visitors to the US fell 4.2% in 2025, while international travel worldwide rose 4% was $409now $149 for your first year
Delivery Monday - Saturday, including FT Weekend and FT Digital Edition: all the content of the FT newspaper on any device. Savings based on annual price.
<ul><… [+221 chars]",1
Exclusive | Inside Elon Musk’s $1.25 Trillion AI and Space Megamerger - The Wall Street Journal The fast-tracked deal is premised on SpaceX’s satellite prowess combining with xAI’s technology Elon Musk took a gulp of water on stage at the World Economic Forum in Switzerland last month and started talking up one of his latest passions: data centers orbiting Earth.The lowest-cost place to p… [+732 chars],1
"Coca-Cola retires beloved 80-year-old product line - thestreet.com The iconic brand trims its portfolio following 2020 product cuts. Key Points
<ul><li>A longtime favorite line was discontinued as consumer demand shifts.</li><li>The move was part of ongoing portfolio streamlining strategy by the brand.</li><li>The axed product li… [+5186 chars]",1
"NFL quickly changes its tune on prediction markets - NBC Sports The NFL hated legalized gambling, until it didn't. The NFL hated legalized gambling, until it didnt. Similarly, the NFL hated prediction markets and now it doesnt.
Less than two months after NFL executive V.P. of communications, public affairs and p… [+2170 chars]",1
"Why jobs data, big tech sent stock market reeling - thestreet.com The latest jobs data did little to sure up stocks as technology takes it on the chin. Key Points
<ul><li>Stock market dropped as tech and S&amp;P 500 retreated due to several catalysts.</li><li>Weak job data and soaring tech capex fueled recession fears and sector rotation.</li><li>S… [+6688 chars]",1
"Popular pizza chain closing 250 restaurants amid sale considerations - OregonLive.com The chain operates more than a dozen locations in the Portland area. A popular pizza chain is planning to downsize in the next few months. 
&gt;&gt; Business opening or closing in your neighborhood? Email the reporter at vnocera@oregonian.com.
Around 250 Pizza Hut r… [+713 chars]",1
"Job openings plummet in warning sign for Trump's economy - Politico Layoffs rise and hiring levels off, even as U.S. GDP growth surges. The research firm Challenger, Gray and Christmas reported that companies announced plans to cut more than 108,000 positions last month, more than double the layoffs tallied in January 2025. The payro… [+3063 chars]",1
"Elon Musk is getting serious about orbital data centers - TechCrunch We’re starting to see the idea of Musk-owned orbital AI data clusters cohere into an actual plan. On Friday, when SpaceX filed plans with the Federal Communications Commission (FCC) for a million-satellite data center network, you might have thought Elon Musk was having a bit of fun with us. But … [+3253 chars]",1
"Companies can now claim ‘no artificial colors’ if they add plant-based color to food - apnews.com The U.S. Food and Drug Administration is relaxing rules that restrict when food companies can claim their products have no artificial colors. The agency said Thursday that labels may now claim to have “no artificial colors” when they are free of petroleum-bas… The U.S. Food and Drug Administration is relaxing rules that restrict when food companies can claim their products have no artificial colors. 
The agency announced Thursday that food labels may clai… [+3390 chars]",1
"DOJ Over-Seized Hannah Natanson’s Garmin Device and Other Reporting Materials - Emptywheel DOJ claims it is adhering to the Privacy Protection Act, even though they didn't mention it in the affidavit to search Hannah Natanson's devices. But their search seized far more reporting materials than covered by the probable cause tied to Aurelio Perez-Lug… I was busy with the site changeover last week and so never wrote up the materials released in WaPo reporter Hannah Natanson’s bid to retrieve her devices last week:
There have been two strands of im… [+7862 chars]",1
"Mario Tennis Fever Demo Now Available At Switch 2 Kiosks (North America) - Nintendo Life Hit the court at your nearest retailer Image: Nintendo
Mario Tennis Fever launches for the Switch 2 next week, and if you want to try out the game before it's released and happen to be located in North America, there's now a free in-stor… [+1160 chars]",1
"Hamster's 'Console Archives' Starting Lineup Revealed, Includes More Than 10 Titles - Nintendo Life Here's what's on the way Image: Hamster Corporation
Nintendo's Partner Direct was loaded with all sorts of surprises, and one of the biggest announcements for retro fans was Hamster Corporation's reveal of its new Console A… [+1710 chars]",1
"Trump Phone Looks Different, Costs More and Won't Be Made in the US, Report Shows - CNET The T1 looks different (again), and its specs and pricing have changed, according to a model handset shown in a video call to The Verge. Trump Mobile executives have shown off a handset they say is a near-production model of the T1 phone to The Verge, according to a report released Friday afternoon. Among other appearance changes, the… [+2789 chars]",1
"Why Apple's iOS 26.4 Siri Upgrade Will Be Bigger Than Originally Promised - MacRumors In the iOS 26.4 update that's coming this spring, Apple will introduce a new version of Siri that's going to overhaul how we interact with... In the iOS 26.4 update that's coming this spring, Apple will introduce a new version of Siri that's going to overhaul how we interact with the personal assistant and what it's able to do.
The iOS 26… [+9220 chars]",1
"Steam Frame Could Be Delayed & Priced Higher Than Expected - UploadVR Valve says it needs to ""revisit our exact shipping schedule and pricing"" for Steam Frame and Steam Machine amid the global memory shortage. Valve says it needs to ""revisit our exact shipping schedule and pricing"" for Steam Frame and Steam Machine amid the global memory and storage shortage.
When announcing the headset and consolized PC … [+1659 chars]",1
"Final Fantasy 7 Rebirth's New Cheats Revealed, Should Come to PS5 - Push Square Boost features return for Xbox, Switch 2 port As was the case when Final Fantasy VII Remake was ported to Xbox Series X|S and Nintendo Switch 2 just a few weeks ago, Final Fantasy VII Rebirth will also make the jump with some additional cheats a… [+1403 chars]",1
"iOS 26’s new Phone app has a feature I don’t ever want to go without - 9to5mac.com Apple overhauled the Phone app in iOS 26 with a new design and added several powerful features, including a new call screening option. Apple overhauled the Phone app in iOS 26 with a new design and added several powerful features, including a new call screening option that I dont ever want to go without.
Among the hundreds of new f… [+2061 chars]",1
"Pokemon’s 30th Anniversary Super Bowl commercial partially leaks featuring celebs - My Nintendo News We were all made aware that The Pokemon Company plans to celebrate its 30th anniversary with a special video which is set to debut on Sunday during the Super Bowl. Part of the commercial has now found… But Donald trump, kid rock and Nancy mace are not there, stop sniffing wood glue, go out side and breathe some air, you stupid Nazi maga fuck.",1
"I built an iOS app in just two days thanks to AI - and it was exhilarating - ZDNET Want to see what agentic coding really feels like? Come along on my wild, wonderful, and terrifying two-day vibe coding adventure with Xcode 26.3. David Gewirtz / Elyse Betters Picaro / ZDNET
Follow ZDNET: Add us as a preferred source on Google.
ZDNET's key takeaways 
<ul><li>Xcode 26.1 AI was unusable. Xcode 26.3 AI is a big leap.</li><li>A… [+17426 chars]",1
"Over 30 of the Best Deals on Canon Cameras and Lenses - PetaPixel This week's B&H deals save big $$$ on Canon cameras, lenses, and kits. This weeks deals spotlight a wide range of Canon cameras, lenses, and accessories available at B&amp;H, covering everything from beginner-friendly mirrorless bodies to professional-grade RF glass. Wh… [+18379 chars]",1
"Goodbye from ""Post Reports"" - The Washington Post A heartfelt thanks to our listeners from ""Post Reports"" host Martine Powers, and the rest of the team who made this show happen. Just over seven years ago, we launched this daily news podcast from The Washington Post.
Our goal was to bring you inside our newsroom, sharing our reporting with listeners to help make sense of wha… [+485 chars]",1
"Pokemon Gen 10 beta screenshots leak - Nintendo Everything New Pokemon Gen 10 beta screenshots have leaked online. The new games, currently going by Pokemon Wind and Wave, will be announced soon. Just when you thought that the Pokemon Gen 10 leaks were over, new images have come to light showing off the environments featured in the games – which are tentatively known as Pokemon Wind and Waves… [+2279 chars]",1
"An Oral History Of Fallout - Game Informer We spoke to many of the most instrumental people in the franchise’s past and present to tell Fallout’s story in their own words. Explore your favorite games in premium print format, delivered to your door.
<ul><li>10 issues per year</li><li>Only $4.80 per issue</li><li>Full digital magazine archive access</li><li>Since 1991</… [+20 chars]",1
"Galaxy S26 series surfaces with upgraded wireless charging spec, no Qi2 magnets - 9to5Google While it, sadly, looks like the Galaxy S26 series will be missing out on built-in Qi2 magnets, Samsung seems to... While it, sadly, looks like the Galaxy S26 series will be missing out on built-in Qi2 magnets, Samsung seems to still have a wireless charging spec upgrade in store for its new devices.
To give a qu… [+1945 chars]",1
"Next Week on Xbox: New Games for February 9 to 13 - Xbox Wire Next Week on Xbox: High on Life 2, Reanimal, Yakuza Kiwami 3 & Dark Ties, Ride 6, Relooted, and more coming soon! Cash Cleaner Simulator February 12Optimized for Xbox Series X|S / Xbox Play Anywhere
Cash Cleaner Simulator welcomes you into the life of a low-level criminal with a particular specialty. When your … [+366 chars]",1
"Spotify’s new feature lets you explore the story behind the song you’re listening to - TechCrunch The short, swipeable stories in the About the Song feature are summarized from third-party sources to highlight interesting details and behind-the-scenes moments. Spotify is rolling out a new “About the Song” feature that lets users explore the stories behind the music they’re listening to, the company announced on Friday. The feature displays short story card… [+2103 chars]",1
"Gemini ‘Tools’ redesign comes to Android & iOS as ‘My stuff’ drops preview - 9to5Google Following the web earlier this week, Gemini is giving the Tools menu on Android and iOS a redesign. There are also changes... Following the web earlier this week, Gemini is giving the Tools menu on Android and iOS a redesign. There are also changes to My stuff in the side panel.
On Android, the Tools sheet that slides up i… [+949 chars]",1
"Nintendo working to ""secure stable supplies of memory components"" to avoid hardware price rises - GamesIndustry.biz Platform holder says it does not expect its Q4 results to be affected by ongoing memory shortage Nintendo is working to ""secure stable supplies of memory components"" as prices continue to rise within the sector.
In an earnings call Q&amp;A published today, Nintendo president Shuntaro Furukawa s… [+2623 chars]",1
"Code Vein 2 developer promises fixes for frame rate and performance woes following ""feedback"" - Eurogamer Bandai Namco has pledged a range of performance improvements for its Soulslike sequel Code Vein 2. Bandai Namco has pledged a range of fixes for its Soulslike sequel Code Vein 2, including frame rate and performance improvements, following ""feedback"".
Code Vein 2 launched for PlayStation 5, Xbox … [+1679 chars]",1
"Honkai: Star Rail version 4.0 update ‘No Aha At Full Moon’ launches February 13 - Gematsu The version 4.0 update for Honkai: Star Rail, dubbed “No Aha At Full Moon,” will launch on February 13, developer miHoYo announced. The version 4.0 update for Honkai: Star Rail, dubbed “No Aha At Full Moon,” will launch on February 13, developer miHoYo announced. 
Here is an overview of the update, via miHoYo:
In this update, p… [+8894 chars]",1
"iPhone 18 Pro Max Rumored to Deliver Next-Level Battery Life - MacRumors The iPhone 18 Pro Max will feature a bigger battery for continued best-in-class battery life, according to a known Weibo leaker.   Citing supply... The iPhone 18 Pro Max will feature a bigger battery for continued best-in-class battery life, according to a known Weibo leaker.
Citing supply chain information, the Weibo user known as ""Digital Cha… [+1367 chars]",1
"Pragmata Demo Comparison Shows Difference Between Xbox Series X, Series S & Switch 2 - Pure Xbox Here's how the Xbox versions stack up Image: Fuzion Xbox Testing on YouTube
Yesterday, Capcom treated us to our first playable demo of the upcoming sci-fi adventure Pragmata, and therefore plenty of Xbox fans have been getting their han… [+2079 chars]",1
"British woman claims she’s 80% human and 20% robot thanks to a mind-reading bionic arm - supercarblondie.com This British woman says that she is 80% human and 20% robot thanks to the use of her mind-reading bionic arm with the limb using AI to help her Its no secret that AI is being integrated into parts of our everyday lives, but this mind-reading bionic arm might be one of the most profound leaps yet.
The British owner of the bionic arm says tha… [+3076 chars]",1
"The Original Hollow Knight Now Available for PS5, Free Upgrade from PS4 Version - Push Square Back to Hallownest Update [Fri 6th Feb 2026, 9am]:
Team Cherry has confirmed current-gen ports of Hollow Knight: Voidheart Edition following the PS5 Trophy list's appearance yesterday. The PS5 version is available now… [+1686 chars]",1
"PSA: Monster Hunter Stories 3 Switch 2 Trial Demo Now Available, Save Data Carries Over - Nintendo Life Start your adventure today! Played this on the Switch 2 and PS5. I will be getting this on the PS5, as there is a significant performance uplift there. The Switch 2 version has an unstable framerate and looks a bit blurry. Typi… [+759 chars]",1
"Digimon Story Time Stranger Switch Version Includes Free Switch 2 Update - Nintendo Life The Switch 2 physical is a Game-Key Card If you're planning on getting Digimon Story Time Stranger for the original Switch, in case you missed it, there'll be an upgrade similar to what Bandai Namco offered with Dragon Ball Z: Sparking! ZER… [+1434 chars]",1
"Turok Is Back, And It's Bringing The Hunt To Switch 2 Later This Year - Nintendo Life ""Stop an alien threat from destroying all human life"" I can't deny that the designs are great; they evolved perfectly. However, I don't like the change to a third-person perspective, nor its futuristic setting, nor the gameplay. Let's remember that the … [+1548 chars]",1
"35 Products That Might Unexpectedly Become Your Favorite Thing You’ve Ever Owned - BuzzFeed You'll be surprised how much you love your new lava lamp stress-relief toy. BuzzFeed Shopping is service journalism first: our writers and editors spend all day shopping so you dont have to, vetting products, fact-checking brand claims, and surfacing what actually helps in r… [+740 chars]",1
"What Does Nintendo Have Against Leon S. Kennedy? - GameSpot Nintendo nerfed Leon in the newest Resident Evil Requiem preview, and that's not even the worst thing it did. Near the end of this month, Resident Evil Requiem is coming to Switch 2 and other platforms. But in today's Nintendo Direct: Partner Showcase, we couldn't help but notice that fan-favorite Leon S. Ke… [+1520 chars]",1
"Indiana Jones And The Great Circle Switch 2 Version Includes The Full Game Data - GameSpot Indiana Jones And The Great Circle launches for Switch 2 on May 12. Announced during today's Nintendo Direct: Partner Showcase, Indiana Jones and the Great Circle is coming to Nintendo Switch 2 on May 12, following the PlayStation 5 release from April of last year. S… [+1843 chars]",1
"Overwatch’s New Jetpack-Using Cat Hero Is An Agent Of Pure Chaos - Kotaku Jetpack Cat can tether onto allies and enemies and fly them around the battlefield I do not fear many things in Overwatch, but I am beginning to fear Jetpack Cat. The flying feline hero is exactly what she sounds like, a cat that has endless flight and zooms around the map healing … [+2258 chars]",1
"Acclaimed PS5 RPG Remake of PS1 Classic Out Today on PS Store - PlayStation LifeStyle A PS5 remake of one of the most classic RPGs of all time is officially out today, allowing fans to jump into the newly revamped classic. A PS5 remake of one of the most classic RPGs of all time is officially out today, allowing fans to jump into the newly revamped classic. 
Dragon Quest VII Reimagined is out now for the PlayStation 5… [+1266 chars]",1
"GO Battle League Now Awards Championship Points: Leaderboard Challenges Explained - Pokémon GO Hub Scopely and The Pokémon Company have announced a major competitive expansion for Pokémon GO: Pokémon GO Battle League Leaderboard Challenges. This new system lets GO Battle League players earn Championship Points directly from in-game battles, creating a clea… Scopely and The Pokémon Company have announced a major competitive expansion for Pokémon GO: Pokémon GO Battle League Leaderboard Challenges.
This new system lets GO Battle League players earn Champ… [+3945 chars]",1
"Disney Dreamlight Valley Will Be Part Of Your Switch 2 World This March - Nintendo Life It's a free upgrade for Switch 1 owners Gameloft's smash hit Disney life sim, Disney Dreamlight Valley, is getting a native Nintendo Switch 2 Edition on 25th March 2026.
The game briefly popped up during today's Nintendo Direct Partner Sh… [+728 chars]",1
"Bluey’s House - Minecraft Today’s dose of playful entertainment is the brand-new Bluey’s House, created together with BBC Studios, Ludo Studio, and Jigarbov! And theres even waaaay more to do than that! Like playing Hide and Seek or why not I Spy? Play butler for Queen Chilli, or perhaps mess around with Bandits phone?
You can also play dress up, jump on… [+750 chars]",1
"Amazon Users Call This Handy $14 USB Gadget The 'Perfect Gift' - bgr.com With a built-in USB connection and a magnetic base, this keychain flashlight is a steal at only $14 for Amazon Prime subscribers. We may receive a commission on purchases made from links.
You may have noticed we have an affinity for nifty little USB gadgets. We'll not only keep old USB gadgets if we think they're still useful,… [+1304 chars]",1
"Google Issues Android Update—40% Of All Phones Now At Risk - Forbes More than a billion Android smartphone users must upgrade now. Do not become a victim to phone attacks.
getty
Updated on Feb. 5 with Googles security advice for at risk Android users and a new warning for millions of Samsung users now exposed to new attacks.
… [+3927 chars]",1
"NVIDIA game streaming platform GeForce NOW marks six years - VideoCardz.com GeForce NOW turns 6 It actually started in 2013 To be precise, it is not entirely correct to say GeForce NOW is six years old. The service is older than It actually started in 2013
To be precise, it is not entirely correct to say GeForce NOW is six years old. The service is older than that. Readers who have followed VideoCardz from the start may rec… [+2545 chars]",1
"Granblue Fantasy: Relink - Endless Ragnarok Massively Expands the PS5 Action RPG in July - Push Square Existing players can upgrade Announced during the latest Nintendo Direct, we had foolishly assumed that Granblue Fantasy: Relink - Endless Ragnarok was just a Switch 2 re-release of the 2024 action RPG but it's actually a signif… [+2286 chars]",1
"Xbox Game Pass subscribers now have six free bonus games to play - TrueAchievements Xbox Free Play Days is back with six games that Game Pass Ultimate, Premium, and Core subscribers can play for free over the weekend. The weekend is almost here, and Microsoft has now officially confirmed the latest batch of Free Play Day games, which can all be played for no extra charge all the way through until the end of Sunday… [+1306 chars]",1
"Here’s how Apple may try to make the iPhone Fold tougher than today’s foldables - PhoneArena Foldables have a durability problem, and Apple seems determined to lessen that with the iPhone Fold. Why are foldables so vulnerable in the first place?
Foldable phones introduce problems that regular phones simply dont have. The folding area itself is under constant mechanical stress. The ultra-th… [+2220 chars]",1
"iOS 26.4 is coming: Here are the rumored new features - 9to5Mac The iOS 26.3 RC has arrived, so the first iOS 26.4 beta is coming soon. Here is every rumored new feature that iOS 26.4 is expected to bring. The iOS 26.3 RC debuted yesterday, which means the first iOS 26.4 beta will be dropping soon too. Here is every rumored new feature that iOS 26.4 is expected to bring.
Almost a year after Apple offi… [+3586 chars]",1
"GameShare just took me from interested in Switch 2's beautiful co-op space opera Orbitals, to overwhelmingly excited - Eurogamer Tell me I can play something that looks this good with a partner, across two Switches, for the entry price of just the one game, and I'm sold. Right, any game that looks like you let the artisans from Studio Ghibli or Cowboy Bebop makers Sunrise make a Daft Punk video is immediately going to pique my curiosity. Layer on some puzzle-heavy, p… [+4110 chars]",1
"Kyoto Xanadu announced for PS5, Switch 2, Switch, and PC - Gematsu Falcom has announced “dual dimensional action RPG” Kyoto Xanadu for PlayStation 5, Switch 2, Switch, and PC (Steam). It will launch this summer worldwide. “Set in an alternate reality where Kyoto is the capital of Japan, Kyoto Xanadu players take on monsters and mysteries coming from the great labyrinth known as Xanadu,” reads the announcement. “As a s… [+7730 chars]",1
"Medical Mystery: A baby with high fevers, hair loss and finally, a rare diagnosis - The Washington Post A child's years-long medical mystery was finally solved. At 38 weeks pregnant, Marilyn Medinas child appeared small on an ultrasound, so doctors induced labor. The newborn, Amiah, weighed in at five pounds, but aside from minor jaundice, she was otherwise … [+7 chars]",1
"Column | Carolyn Hax: Husband’s rigid diet makes their mealtimes miserable - The Washington Post Husband changed his diet to manage his health, and the letter writer fears he has taken it too far. Adapted from an online discussion.
Carolyn: My husband and I have developed very different approaches to food, and I am starting to get very resentful. Blood tests a few years ago showed he had high… [+147 chars]",1
"How to get the best rest: an HTSI sleep special - Financial Times From the ultimate bed guide to perfect PJs and clever sleep aids, here’s a first-class ticket to the land of nod From the ultimate bed guide to perfect PJs and clever sleep aids, heres a first-class ticket to the land of nod",1
"The biohackers who want to fix their vision without resorting to glasses - Financial Times An alarming global surge in short-sightedness caused by lifestyle not genetics is encouraging many to seek clarity in strange ways Access to eight surprising articles a day, hand-picked by FT editors. For seamless reading, access content via the FT Edit page on FT.com and receive the FT Edit newsletter.
<ul><li></li>FT Edit: Ac… [+23 chars]",1
"Gastroenterologists Say These 4 Supplements May Support Gut Health - EatingWell Gastroenterologists share 4 supplements that may support a healthy gut, plus other lifestyle tips. Gut health has officially taken over our social media feeds and grocery store aisles. From kombucha on tap to probiotic-infused snacks, it feels like everyone is talking about their microbiomeand for… [+10882 chars]",1
"Pandemic Stalling on Cancer Care Cost Lives - Newser Research: Disruptions to diagnoses, treatment in COVID era proved deadly for cancer patients Of course, COVID-19 itself was especially dangerous to patients already weakened by cancer, but the researchers worked to filter out deaths mainly attributed to the coronavirus, so they could see if … [+1740 chars]",1
"A drop in CDC health alerts leaves doctors 'flying blind' - NPR Doctors and public health officials are concerned about the drop in health alerts from the Centers for Disease Control and Prevention since President Trump returned for a second term. The Centers for Disease Control and Prevention has been alerting the nation about health threats much less frequently since President Trump returned to office, raising concerns among doctors and publ… [+3863 chars]",1
"First measles case reported in Maine since 2019 - newscentermaine.com Maine confirms its first measles case since 2019, warning of possible exposure in Bangor and Etna and urging residents to monitor symptoms. PENOBSCOT COUNTY, Maine Maine health officials confirmed the states first case of measles since 2019, warning of possible public exposure at two locations in Penobscot County.
The Maine Center for D… [+1969 chars]",1
"New CRISPR tool spreads through bacteria to disable antibiotic resistance genes - Phys.org Antibiotic resistance (AR) has steadily accelerated in recent years to become a global health crisis. As deadly bacteria evolve new ways to elude drug treatments for a variety of illnesses, a growing number of ""superbugs"" have emerged, ramping up estimates of… Antibiotic resistance (AR) has steadily accelerated in recent years to become a global health crisis. As deadly bacteria evolve new ways to elude drug treatments for a variety of illnesses, a growing… [+5348 chars]",1
"Bacterial meningitis case turned into a New Year’s nightmare for Bellingham family - Bellingham Herald A Bellingham family mourns a teen lost to meningitis and iGAS and launched a nonprofit to raise awareness, prevention and support for sudden severe infections. Local
When Keilly Rose Byrd-Purtells family realized how sick she was, it may have been too late.
Keilly, a fun-loving and headstrong Bellingham High sophomore, complained of a sore throat in late … [+6448 chars]",1
"As US cash dries up South Africa's fight to stop Aids gets harder - BBC Health experts fear that as testing and monitoring drops the risk of the further spread of HIV rises. ""I often say to people, in order to end the epidemic for the world, we really do need to end the epidemic in South Africa. If we do not contain it, close it down, shut it down, we stand the huge risk… [+30 chars]",1
"How well a cancer treatment works may depend on the time of day you get it - cnn.com Researchers recently tried an experiment: Gather people who had the same kind of lung cancer and put them on the same type of treatments to fire up their immune systems. The only difference was that half the group got their medications earlier in the day, bef… Researchers recently tried an experiment: Gather people who had the same kind of lung cancer and put them on the same type of treatments to fire up their immune systems. The only difference was that … [+8193 chars]",1
"Learning neuroimaging models from health system-scale data - Nature Prima is an AI foundation model for neuroimaging based on clinical magnetic resonance imaging that offers accurate and explainable diagnostics, worklist priority for radiologists and clinical referral recommendations with equitable performance on diverse grou… <li>Moor, M. et al. Foundation models for generalist medical artificial intelligence. Nature616, 259265 (2023).
Article 
 CAS 
 PubMed 
Google Scholar 
</li><li>Jiang, L. Y. et al. Health system… [+15942 chars]",1
"Stimulating the central thalamus during anesthesia sheds light on neural basis of consciousness - Medical Xpress The brains of mammals continuously combine signals originating from different regions to produce various sensations, emotions, thoughts and behaviors. This process, known as information integration, is what allows brain regions with different functions to col… The brains of mammals continuously combine signals originating from different regions to produce various sensations, emotions, thoughts and behaviors. This process, known as information integration, … [+6367 chars]",1
"Mystery Stomach Illness Outbreak Under Investigation In This NJ County - Patch No definitive links have been found as to the origin of the mysterious illness, health officials said. SUSSEX COUNTY, NJ Sussex County health officials are investigating a nasty stomach-related illness that is affecting several residents. 
The Sussex County Division of Health has not determined exact… [+1188 chars]",1
"Vascular surgeon recommends simple morning routine to lower blood pressure and improve artery health - Times of India Health News: High blood pressure doesn't usually make itself known. It builds up slowly, sometimes over the course of years, until the damage is done. According to. <ul><li>News</li>
<li>Health News</li>
<li>Vascular surgeon recommends simple morning routine to lower blood pressure and improve artery health</li></ul>
Follow Us On Social Media",1
"When the interaction between fungi and bacteria becomes a dangerous alliance - Phys.org Rivals or allies—how do bacteria and fungi interact in our bodies? Until now, bacteria on our mucous membranes were primarily considered to be antagonists of fungi, as they can inhibit their growth. However, an international research team led by the Leibniz I… Rivals or allieshow do bacteria and fungi interact in our bodies? Until now, bacteria on our mucous membranes were primarily considered to be antagonists of fungi, as they can inhibit their growth. H… [+4400 chars]",1
"Health officials warn of possible measles exposure at Pa. urgent care center - PennLive.com Anyone who was at that center could have been exposed and  should monitor themselves for any possible symptoms for 21 days. Health officials in Montgomery County are warning of a possible measles exposure at an urgent care center.
Officials with the Montgomery County Department of Health said in a post on the countys web… [+1147 chars]",1
"A Simple Diet Change Could Slow Liver Cancer - SciTechDaily New research shows that reducing dietary protein may significantly lower liver cancer risk or slow its progression in people with impaired liver function For people living with liver damage, food choices can matter in ways that go beyond weight or cholesterol… Scientists have uncovered a surprising metabolic vulnerability in diseased livers that may influence how liver cancer grows. By probing how the organ handles nitrogen waste, the study points to diet … [+4983 chars]",1
"Bird flu resurfaces in Tamil Nadu after mass crow deaths in Chennai, triggering statewide surveillance - Down To Earth Bird flu has reemerged in Tamil Nadu after over 1,000 crows died in Chennai, leading to intensified surveillance to prevent the virus from spreading to poultry or humans. Authorities confirm no human infections, but monitoring is heightened as wildlife deaths… Avian influenza has resurfaced in Tamil Nadu after the deaths of more than a thousand crows in Chennai, prompting authorities to step up surveillance to prevent the virus from spreading to poultry or… [+4618 chars]",1
Three Everyday Drugs Could Be Repurposed To Prevent Alzheimer’s - SciTechDaily A global expert review has identified a shingles vaccine and two existing drugs as leading candidates for repurposing against Alzheimer’s disease. A new study has highlighted three approved medicines that could potentially be reused to treat or prevent Alzhei… Researchers have identified a small group of existing medicines that may hold untapped potential against Alzheimer’s disease. The study points to a quicker path toward new treatments by reusing drugs… [+6281 chars],1
"See the top 10 causes of death in Michigan - MLive.com COVID-19 fell out of the top 10 causes of death in Michigan for the first time since 2019. For the first time since 2019, COVID-19 didnt crack Michigans leading cause of death list in 2024. 
Only heart disease and cancer were responsible for more resident deaths in 2020 and 2021 than COVI… [+2310 chars]",1
"Breakthrough: Scientists Created a 'Universal' Kidney To Match Any Blood Type - ScienceAlert After a decade of work, researchers are closer than ever to a key breakthrough in kidney transplants: being able to transfer kidneys from donors with different blood types than the recipients, which could significantly speed up waiting times and save lives. After a decade of work, researchers are closer than ever to a key breakthrough in kidney transplants: being able to transfer kidneys from donors with different blood types than the recipients, which … [+3563 chars]",1
"Move Your Eyes, Change Your Life - The Cut Patients love that Eye Movement Desensitization and Reprocessing therapy, better known as EMDR, is a concrete and proven way to treat post-traumatic stress disorder. But experts say the neuroscientific theory behind the treatment is flawed. In the physical world, Tracy was about halfway through a telehealth therapy session. Her eyes were closed and her arms were crossed over her chest, her fingers rhythmically tapping alternating should… [+13589 chars]",1
"These Foods May Raise Your Depression Risk, New Study Says - AOL.com Here's what the researchers found—and how you can shift your habits. Reviewed by Dietitian Madeline Peck, RDN, CDN
Design elements: Getty Images. EatingWell design.
Key Points
<ul><li>Higher intake of ultra-processed foods is consistently linked to more depressive … [+6774 chars]",1
"Fear in Minnesota's Somali community deepens, hampering progress on measles vaccination - AP News Public health officials say a measles crisis has long been brewing in Minnesota. For years, the state's large Somali community has been fertile ground for the myth that the measles vaccine causes autism. Data show autism rates in Somali 4-year-olds are high. … MINNEAPOLIS (AP) Public health officials and community leaders say that even before federal immigration authorities launched a crackdown in Minneapolis, a crisis was brewing. 
Measles vaccination ra… [+7990 chars]",1
"Scientists Finally Explain Why Your Sourdough Never Tastes the Same Twice - Food & Wine If you’ve ever wondered why some sourdough tastes tangier than others, the answer may start with the flour. A new study in ""Microbiology Spectrum"" found that the type of flour you feed a sourdough starter influences which bacteria thrive in it. Those microbes… The art of sourdough can feel exciting and inspiring. But as any avid sourdough baker will tell you, not every loaf is the same, and when your bread doesnt turn out exactly as expected, its maddening… [+3387 chars]",1
"Botox to nose vibrations: The new treatments offering hope to migraine patients - BBC More than a billion people worldwide struggle to find relief from the unbearable pain of migraine. But research is leading to new therapies against this debilitating condition. ""I like to think of the whole thing as a bookshelf,"" says Goadsby. ""On the bookshelf, there are classic medicines, there are modern medicines, there's neuromodulation. We need to unpack which shelf y… [+1405 chars]",1
"I treated children for rotavirus in Denmark. The Danish vaccine schedule is no model for the U.S. - statnews.com In Denmark, pediatrician Michael Thwing once saw nearly 20 infants admitted simultaneously with rotavirus. His experience in the U.S. has been completely different. During my time practicing medicine in Denmark, there was a day in the pediatric ward I will never forget. We had nearly 20 infants admitted simultaneously, all of them dangerously ill and severely de… [+4849 chars]",1
"What went right this week: the good news that matters - Positive News A third of cancer cases are ‘avoidable’, Africa powers ahead on solar, and the push for global tax justice gathers pace, plus more good news Rafahs reopening offered a lifeline for PalestiniansGazas lifeline Rafah border crossing with Egypt finally reopened this week, bringing hope and some trepidation to the thousands of Palestinians wai… [+968 chars]",1
"'Brain-Bone-Axis' May Link Depression With Osteoporosis, Study Claims - ScienceAlert The effects of depression may infiltrate your very bones – and conversely, your bones may send penetrating messages all the way back to your brain. The effects of depression may infiltrate your very bones and conversely, your bones may send penetrating messages all the way back to your brain.
This two-way street is a captivating new field of re… [+4106 chars]",1
"Kauai chickenpox outbreak doubles, expands to more schools - Honolulu Star-Advertiser The Hawaii Department of Health reports the community outbreak of chickenpox on Kauai has expanded, raising concerns the highly contagious disease will continue to spread. The Hawaii Department of Health reports the community outbreak of chickenpox on Kauai has expanded, raising concerns the highly contagious disease will continue to spread.
In addition to the five ca… [+4524 chars]",1
"Experts Warn These 5 Healthy Habits May Do More Harm Than Good - Money Talks News You may think you’re making smart choices for your wellness, but here’s how some popular habits can go south. Everyone wants to live a longer, happier life. That’s why people strive to drink enough water, prioritize sleep and make smart food choices.
But even the best intentions can sometimes lead folks ast… [+4855 chars]",1
Mormon Hair Clippings Preserve Legacy of US Ban on Leaded Gas - ScienceAlert Hair samples preserved in family scrapbooks across the past century have revealed the success of the US Environmental Protection Agency's (EPA) efforts to crack down on lead pollution since the 1970s. Hair samples preserved in family scrapbooks across the past century have revealed the success of the US Environmental Protection Agency's (EPA) efforts to crack down on lead pollution since the 1970s… [+3097 chars],1
"Shes Not Giving Up: Manhattan Asked To Rally Around Wife Of The Taco Man Fighting Rare Infection - Patch Angie Pantoja, whose husband's ""The Taco Man"" stand has surged in popularity, is fighting an aggressive infection, from the inside out. MANHATTAN, IL Their faces have become increasingly familiar as their taco catering business has served thousands in the area, and now the Pantoja family is turning to the community for support amid a… [+6654 chars]",1
"Scruffy 'Gremlin' Turns Into A Handsome Tuxedo Boy After A Bit Of TLC - The Dodo “He was in such poor shape ..."" One day last June, Kendra and her familys life changed forever and along with it, so too did the fate of a bedraggled little gremlin.
We had just gotten back from running errands, and my husband saw… [+2845 chars]",1
"Sharing breast milk has become ‘increasingly common’ — but is it safe? - Currently.com Milk from a trusted source, especially pasteurized or frozen, is a good bet. But a baby’s best bet will always be fresh milk from its own mother. Dont cry over spilled milk  but be careful where your babys next sip comes from.
In the last decade, interest in sharing breast milk both formally, through milk banks, and informally, within close n… [+6009 chars]",1
"Making 3 changes to rice recipe can prevent blood sugar spikes - themirror.com If you're diabetic and trying to avoid blood sugar spikes, one man, who has type-1 diabetes himself, has shared some expert advice on the type of rice you eat, as well as the way you cook it A type-1 diabetic shared how to avoid unnecessary blood sugar spikes when eating rice(Image: Ruben Earth via Getty Images)
If you're diabetic and trying to avoid blood sugar spikes, one man, who him… [+3960 chars]",1
"Adult with measles visited grocery stores, restaurant, animal shelter in Northern Virginia - WTOP An adult from Northern Virginia has contracted measles, marking the commonwealth’s fifth case of the contagious virus this year. An adult from Northern Virginia has come down with the measles, marking the commonwealth’s fifth case of the contagious virus this year.
While the latest case was confirmed in an adult, the prior fo… [+3056 chars]",1
"These patients saw what comes after death. Should we believe them? - The Washington Post Researchers have developed a model to explain the science of near-death experiences. Others have challenged it. After she dropped to her knees outside her home in Midlothian, Virginia, suffocating, after she was lifted into the ambulance and told herself, I cant die this way, and after emergency workers at the… [+128 chars]",1
"Experts warn against drinking raw milk after New Mexico baby's listeria death - BBC Consumption of raw milk has seen a resurgence in recent months with some promoting it as ""liquid gold"" on social media. Pathogens, including bird flu, brucella, tuberculosis, salmonella, campylobacter, cryptosporidium and E. coli can also be found in raw milk, the New Mexico health department warned.",1
"Should Guests Take Their Shoes Off in Your Home? Here’s What a Microbiologist Says - Real Simple Whether or not to let people wear shoes in your house isn't just a matter of etiquette. Health issues could be involved. Here's what you need to know. <ul><li>Shoes can track in bacteria, allergens, and even lead, and those contaminants can linger on floors long enough to raise health risksespecially for kids, pets, and anyone who spends time close… [+7633 chars]",1
"Experimental pill dramatically reduces 'bad' cholesterol - Medical Xpress An experimental pill called enlicitide slashed levels of low-density lipoprotein (LDL) cholesterol, commonly known as ""bad"" cholesterol, by up to 60%, according to a new phase three clinical trial published in the New England Journal of Medicine. If approved … An experimental pill called enlicitide slashed levels of low-density lipoprotein (LDL) cholesterol, commonly known as ""bad"" cholesterol, by up to 60%, according to a new phase three clinical trial pu… [+6096 chars]",1
"'Scaredy-Cat' Golden Retriever ‘Bows Down’ to 'Tiny' Cat - Yahoo The kitty totally wins! Cats and dogs are supposed to be enemies, but the truth is, they can get along just fine. As long as you follow all of the rules, introduce them slowly, and supervise, it's pretty hard for something … [+2400 chars]",1
"No Other Tuberculosis Cases Since 1 From Pat-Med HS Community Tested Positive: Suffolk Health Department - Patch UPDATE: The investigation is ongoing, Suffolk County Department of Health Services' says. MEDFORD, NY No other people have been identified with active tuberculosis in the Patchogue-Medford High School community since one person from within there tested positive two weeks ago, though the i… [+2902 chars]",1
